country,total_bookings,avg_daily_rate,share_pct
PRT,21071,90.34,28.030000000000
GBR,9676,90.48,12.870000000000
FRA,8481,105.75,11.280000000000
ESP,6391,110.3,8.500000000000
DEU,6069,101.26,8.070000000000
IRL,2543,94.69,3.380000000000
ITA,2433,110.76,3.240000000000
BEL,1868,111.48,2.490000000000
NLD,1717,105.01,2.280000000000
USA,1596,118.98,2.120000000000
